x1,y1,x2,y2
0.000000,10.000000,-0.263880,9.593188
-0.263880,9.593188,-0.527760,9.186377
-0.527760,9.186377,-0.791641,8.779565
-0.791641,8.779565,-1.055521,8.372753
-1.055521,8.372753,-1.583281,7.559130
-1.583281,7.559130,-2.111042,6.745506
-2.111042,6.745506,-2.638802,5.931883
-2.638802,5.931883,-3.166562,5.118259
-3.166562,5.118259,-3.694323,4.304636
-3.694323,4.304636,-3.958203,3.897824
-3.958203,3.897824,-4.222083,3.491012
-4.222083,3.491012,-5.277604,1.863765
-5.277604,1.863765,-6.333125,0.236518
-6.333125,0.236518,-7.388646,-1.390728
-7.388646,-1.390728,-8.444166,-3.017975
-7.388646,-1.390728,-8.735313,-1.368755
-6.333125,0.236518,-6.835860,0.329600
-6.835860,0.329600,-7.338595,0.422681
-7.338595,0.422681,-7.841330,0.515763
-7.841330,0.515763,-8.344066,0.608844
-7.841330,0.515763,-7.979069,1.360439
-7.979069,1.360439,-8.116808,2.205115
-8.116808,2.205115,-8.254546,3.049791
-8.254546,3.049791,-8.392285,3.894467
-8.254546,3.049791,-7.667165,3.036287
-8.116808,2.205115,-8.621174,5.025483
-7.979069,1.360439,-8.024232,1.556139
-7.338595,0.422681,-7.248451,0.088809
-6.835860,0.329600,-7.137364,0.304270
-5.277604,1.863765,-4.982147,2.532121
-4.222083,3.491012,-5.423063,-0.716269
-5.423063,-0.716269,-6.023553,-2.819910
-6.023553,-2.819910,-6.624042,-4.923551
-6.023553,-2.819910,-6.558180,-4.087802
-6.558180,-4.087802,-6.825493,-4.721747
-6.825493,-4.721747,-7.092807,-5.355693
-6.825493,-4.721747,-6.849879,-5.816523
-6.558180,-4.087802,-7.105653,-5.087054
-7.105653,-5.087054,-7.653127,-6.086306
-7.105653,-5.087054,-8.010804,-4.216132
-5.423063,-0.716269,-3.906846,-2.534410
-3.906846,-2.534410,-3.527792,-2.988945
-3.527792,-2.988945,-3.148738,-3.443480
-3.148738,-3.443480,-2.769683,-3.898015
-2.769683,-3.898015,-2.390629,-4.352550
-2.390629,-4.352550,-2.011575,-4.807085
-2.011575,-4.807085,-1.632521,-5.261620
-1.632521,-5.261620,-0.874413,-6.170690
-0.874413,-6.170690,-0.116304,-7.079760
-0.116304,-7.079760,0.641804,-7.988830
-0.116304,-7.079760,-0.272239,-7.471122
-0.272239,-7.471122,-0.428175,-7.862484
-0.272239,-7.471122,-0.690488,-7.546255
-0.690488,-7.546255,-1.108737,-7.621387
-0.690488,-7.546255,-0.898392,-8.183815
-0.898392,-8.183815,-1.106296,-8.821375
-0.898392,-8.183815,-0.318424,-8.778788
-0.318424,-8.778788,0.261544,-9.373760
-0.318424,-8.778788,-0.649739,-9.968261
-0.874413,-6.170690,-0.835902,-5.812860
-1.632521,-5.261620,-1.543669,-5.728286
-1.543669,-5.728286,-1.454817,-6.194952
-1.543669,-5.728286,-4.215522,-8.995331
-2.011575,-4.807085,-3.169958,-5.742058
-2.390629,-4.352550,-1.654432,-4.700423
-1.654432,-4.700423,-1.286334,-4.874359
-1.286334,-4.874359,-0.918235,-5.048296
-0.918235,-5.048296,0.554159,-5.744041
0.554159,-5.744041,2.026553,-6.439787
2.026553,-6.439787,3.498947,-7.135533
2.026553,-6.439787,3.187675,-5.948115
3.187675,-5.948115,3.768236,-5.702279
3.768236,-5.702279,4.348797,-5.456442
4.348797,-5.456442,5.509919,-4.964770
5.509919,-4.964770,6.671041,-4.473098
5.509919,-4.964770,6.270028,-6.396374
4.348797,-5.456442,4.778166,-4.814862
4.778166,-4.814862,5.207534,-4.173282
5.207534,-4.173282,6.066271,-2.890122
6.066271,-2.890122,6.495640,-2.248542
6.495640,-2.248542,6.925009,-1.606962
6.925009,-1.606962,7.139693,-1.286172
7.139693,-1.286172,7.354377,-0.965382
7.354377,-0.965382,7.783746,-0.323801
7.354377,-0.965382,8.566712,0.471165
8.566712,0.471165,9.779046,1.907712
8.566712,0.471165,8.566851,2.203742
7.139693,-1.286172,7.846614,-1.003143
6.925009,-1.606962,6.372597,-1.209835
6.372597,-1.209835,5.820185,-0.812708
6.372597,-1.209835,5.818672,0.062065
5.818672,0.062065,5.264748,1.333964
5.818672,0.062065,4.768066,0.692521
4.768066,0.692521,3.717460,1.322977
4.768066,0.692521,2.936796,1.990112
6.495640,-2.248542,6.984964,-2.886867
6.984964,-2.886867,7.474288,-3.525193
6.984964,-2.886867,8.893399,-4.372387
6.066271,-2.890122,5.647199,-2.680908
5.647199,-2.680908,5.437662,-2.576301
5.437662,-2.576301,5.228126,-2.471694
5.437662,-2.576301,5.607776,-1.796014
5.647199,-2.680908,5.241123,-2.549750
5.241123,-2.549750,4.835047,-2.418592
5.241123,-2.549750,4.499434,-2.024562
4.499434,-2.024562,4.128589,-1.761968
4.128589,-1.761968,3.943166,-1.630671
3.943166,-1.630671,3.757744,-1.499374
3.943166,-1.630671,4.104434,-1.634266
4.128589,-1.761968,4.033196,-2.029548
4.033196,-2.029548,3.937803,-2.297128
4.033196,-2.029548,3.604541,-2.963042
4.499434,-2.024562,4.765465,-1.186865
5.207534,-4.173282,5.184179,-4.042177
4.778166,-4.814862,4.280162,-4.735536
4.280162,-4.735536,3.782159,-4.656209
4.280162,-4.735536,2.653584,-4.101382
3.768236,-5.702279,3.264565,-5.441145
3.187675,-5.948115,3.556932,-6.124149
0.554159,-5.744041,1.437727,-8.757897
-0.918235,-5.048296,-0.431804,-5.187956
-0.431804,-5.187956,0.054628,-5.327616
-0.431804,-5.187956,-0.428785,-4.109928
-1.286334,-4.874359,-1.149022,-4.826502
-1.654432,-4.700423,-1.582385,-4.668416
-2.769683,-3.898015,-2.110355,-4.059267
-3.148738,-3.443480,-2.799112,-3.290716
-2.799112,-3.290716,-2.449487,-3.137951
-2.449487,-3.137951,-1.750237,-2.832423
-2.449487,-3.137951,-1.609241,-2.438124
-2.799112,-3.290716,-2.892239,-3.128452
-3.527792,-2.988945,-4.468215,-3.675954
-3.906846,-2.534410,-2.684842,-1.796815
-2.684842,-1.796815,-1.462838,-1.059221
-1.462838,-1.059221,-0.851836,-0.690424
-0.851836,-0.690424,-0.240834,-0.321627
-0.240834,-0.321627,0.064667,-0.137228
0.064667,-0.137228,0.370168,0.047170
0.370168,0.047170,0.981170,0.415967
0.370168,0.047170,0.458072,1.554546
0.458072,1.554546,0.502024,2.308234
0.502024,2.308234,0.545976,3.061922
0.502024,2.308234,0.387277,3.203282
0.387277,3.203282,0.272530,4.098331
0.387277,3.203282,0.968963,3.969543
0.458072,1.554546,0.816370,1.213111
0.064667,-0.137228,0.512406,-0.379345
-0.240834,-0.321627,-0.466628,-0.819422
-0.851836,-0.690424,-0.887205,-0.962144
-0.887205,-0.962144,-0.922575,-1.233863
-0.887205,-0.962144,-0.647924,-1.485894
-0.647924,-1.485894,-0.528283,-1.747769
-0.528283,-1.747769,-0.408643,-2.009644
-0.528283,-1.747769,-0.140389,-2.580632
-0.140389,-2.580632,0.247505,-3.413495
-0.140389,-2.580632,0.752892,-3.697928
-0.647924,-1.485894,0.341502,-1.455428
-1.462838,-1.059221,-1.556139,0.581378
-2.684842,-1.796815,-2.998444,-1.535386
-3.958203,3.897824,-4.368114,4.590289
-3.694323,4.304636,-3.746757,4.054384
-3.166562,5.118259,-2.762364,4.215827
-2.762364,4.215827,-2.358165,3.313395
-2.762364,4.215827,-3.014380,3.573870
-3.014380,3.573870,-3.266396,2.931913
-3.014380,3.573870,-2.763790,2.699591
-2.763790,2.699591,-2.513199,1.825312
-2.763790,2.699591,-2.590716,2.242805
-2.638802,5.931883,-3.349034,6.096072
-3.349034,6.096072,-4.059267,6.260262
-3.349034,6.096072,-4.749715,6.238594
-4.749715,6.238594,-6.150395,6.381115
-4.749715,6.238594,-5.679800,6.430555
-2.111042,6.745506,0.191752,6.545000
0.191752,6.545000,2.494545,6.344493
2.494545,6.344493,4.797338,6.143986
4.797338,6.143986,5.948735,6.043733
5.948735,6.043733,7.100131,5.943480
5.948735,6.043733,7.469286,5.119251
7.469286,5.119251,8.989837,4.194769
7.469286,5.119251,7.501755,3.693655
4.797338,6.143986,5.255659,5.003967
5.255659,5.003967,5.484820,4.433958
5.484820,4.433958,5.713981,3.863948
5.484820,4.433958,5.846600,3.970725
5.846600,3.970725,6.208380,3.507492
5.846600,3.970725,5.260475,3.149815
5.255659,5.003967,4.734065,4.380551
4.734065,4.380551,4.212470,3.757134
4.734065,4.380551,3.265175,3.287149
2.494545,6.344493,3.097324,5.961791
0.191752,6.545000,-0.466018,5.903195
-1.583281,7.559130,-1.741691,7.828303
-1.055521,8.372753,-0.017396,7.988220
-0.791641,8.779565,-1.566358,9.199957
-1.566358,9.199957,-2.341075,9.620350
-1.566358,9.199957,-2.555925,8.531449
-0.527760,9.186377,-0.361034,9.866939
-0.263880,9.593188,0.716880,8.939787
